Workbook

Sheet Executive Summary
A1: ENGINEERING & MAINTENANCE DEPARTMENT — ONGOING WORKS SUMMARY
A2: Executive Project Status Dashboard | Automated Status Consolidation
A3: Department / Project Line | B3: Total Tasks | C3: Completed | D3: In Progress | E3: Under Review | F3: Pending / Scheduled | G3: % Completed
A4: Fiber Bleaching Line | B4: =COUNTA('Fiber Bleaching'!D4:D9) -> 6 | C4: =COUNTIF('Fiber Bleaching'!D4:D9, "Completed") -> 0 | D4: =COUNTIF('Fiber Bleaching'!D4:D9, "In Progress") -> 0 | E4: =COUNTIF('Fiber Bleaching'!D4:D9, "Under Review") -> 0 | F4: =COUNTIF('Fiber Bleaching'!D4:D9, "Pending") + COUNTIF('Fiber Bleaching'!D4:D9, "Scheduled") -> 6 | G4: =C4/B4 -> 0
A5: R-Cot Department | B5: =COUNTA('R-Cot Line'!D4:D11) -> 8 | C5: =COUNTIF('R-Cot Line'!D4:D11, "Completed") -> 0 | D5: =COUNTIF('R-Cot Line'!D4:D11, "In Progress") -> 5 | E5: =COUNTIF('R-Cot Line'!D4:D11, "Under Review") -> 2 | F5: =COUNTIF('R-Cot Line'!D4:D11, "Pending") + COUNTIF('R-Cot Line'!D4:D11, "Scheduled") -> 1 | G5: =C5/B5 -> 0
A6: Spunlace Project | B6: =COUNTA('Spunlace Project'!D4:D12) -> 9 | C6: =COUNTIF('Spunlace Project'!D4:D12, "Completed") -> 3 | D6: =COUNTIF('Spunlace Project'!D4:D12, "In Progress") -> 2 | E6: =COUNTIF('Spunlace Project'!D4:D12, "Under Review") -> 1 | F6: =COUNTIF('Spunlace Project'!D4:D12, "Pending") + COUNTIF('Spunlace Project'!D4:D12, "Scheduled") -> 3 | G6: =C6/B6 -> 0.33333333
A7: TOTAL DEPARTMENTAL TASKS | B7: =SUM(B4:B6) -> 23 | C7: =SUM(C4:C6) -> 3 | D7: =SUM(D4:D6) -> 7 | E7: =SUM(E4:E6) -> 3 | F7: =SUM(F4:F6) -> 10 | G7: =C7/B7 -> 0.13043478
A9: STATUS COLOR CODE & WORKFLOW DEFINITION
A10: Completed | B10: Task fully executed, approved, or officially established.
A11: In Progress | B11: Currently active (drawings, fabrication, quotation review, or civil execution).
A12: Scheduled | B12: Confirmed upcoming milestone or stakeholder meeting scheduled.
A13: Under Review | B13: Awaiting management review, feasibility sign-off, or budget approval.
A14: Pending | B14: Awaiting prerequisites, shutdown schedule, or formal Purchase Order issuance.

Sheet Fiber Bleaching
A1: FIBER BLEACHING CAPACITY EXTENSION (TARGET: 1,500 TONS)
A2: Departmental Ongoing Engineering & Maintenance Works Tracker | Dept Ref: DEPT-FB-1500 | Status as of: October 2026
A3: Sr. # | B3: Focus Area / Machine | C3: Scope of Work / Action Item | D3: Current Status | E3: Action Owner / Department | F3: Key Technical Remarks & Next Steps
A4: 1 | B4: Pre-Blowroom Modification | C4: Piping & ducting fabrication and line routing | D4: Pending | E4: Mechanical Maintenance | F4: Work not initiated; pending line layout finalization and approved drawings.
A5: 2 | B5: Pre-Blowroom Modification | C5: Procurement of transport fan and material distributor | D5: Pending | E5: Procurement / Maintenance | F5: Technical drawings shared; detailed review completed with Mr. Riyaz & engineering team.
A6: 3 | B6: Post-Blowroom Modification | C6: Piping & ducting fabrication and rerouting | D6: Pending | E6: Mechanical Maintenance | F6: Scope of work defined; execution planned during the next scheduled plant shutdown.
A7: 4 | B7: Post-Blowroom Modification | C7: Procurement of transport fan and material distributor | D7: Pending | E7: Procurement | F7: Equipment specifications verified; Purchase Requisition (PR) to be released.
A8: 5 | B8: Dryer Unit Modification | C8: Dryer overhaul & procurement of additional chamber | D8: Pending | E8: Project Engineering | F8: Evaluating necessary component specifications and procurement in progress with Galvano.
A9: 6 | B9: Post Line 2 Extension | C9: Procurement & integration of new Multi-Mixer unit | D9: Pending | E9: Top Management / Maintenance | F9: Under active internal technical and Capex evaluation for line expansion.

Sheet R-Cot Line
A1: R-COT DEPARTMENT UPGRADES & INSTALLATIONS
A2: Departmental Ongoing Engineering & Maintenance Works Tracker | Dept Ref: DEPT-RCOT-01 | Status as of: October 2026
A3: Sr. # | B3: Equipment / System | C3: Scope of Work / Action Item | D3: Current Status | E3: Action Owner / Department | F3: Key Technical Remarks & Next Steps
A4: 1 | B4: Bale Press | C4: Procurement of new hydraulic bale press unit | D4: In Progress | E4: Procurement / Maintenance | F4: Commercial quotations received from vendors; currently under technical & pricing evaluation.
A5: 2 | B5: Automatic Bale Plucker | C5: Procurement of new automatic bale plucker | D5: Under Review | E5: Project Engineering | F5: Technical specifications finalized; awaiting vendor bid comparisons.
A6: 3 | B6: Argus Fire Detection | C6: Procurement & integration of spark/fire detectors | D6: Under Review | E6: EHS / Maintenance | F6: Safety Capex evaluation initiated to integrate with existing blowroom safety loop.
A7: 4 | B7: Filtration System | C7: Installation and duct hookup of new filter unit | D7: In Progress | E7: Purchase / Mechanical | F7: E-CAPEX approved; purchase order execution currently in Purchase Department.
A8: 5 | B8: Ducting & Piping Works | C8: Pneumatic transport & exhaust ducting fabrication | D8: In Progress | E8: Mechanical / Fabrication | F8: E-CAPEX approved; material indentation in progress with local fabrication team.
A9: 6 | B9: Power Infrastructure | C9: Main incoming & motor feeder cable procurement | D9: In Progress | E9: Electrical Maintenance | F9: E-CAPEX approved; cable schedule prepared, procurement approval in progress.
A10: 7 | B10: Cable try work | C10: Overhead cable tray installation and routing | D10: In Progress | E10: Electrical Maintenance | F10: Purchase Request (PR) officially submitted to Purchase Department.
A11: 8 | B11: Machine Automation | C11: PLC programming, drive configuration & commissioning | D11: Pending | E11: Automation / Electrical | F11: Scheduled immediately following machine mechanical erection and electrical power-up.

Sheet Spunlace Project
A1: SPUNLACE PRODUCTION LINE PROJECT
A2: Departmental Ongoing Engineering & Maintenance Works Tracker | Dept Ref: PRJ-SPUNLACE-01 | Status as of: October 2026
A3: Sr. # | B3: Project Deliverable / Area | C3: Scope of Work / Action Item | D3: Current Status | E3: Action Owner / Department | F3: Key Technical Remarks & Next Steps
A4: 1 | B4: Spunlace Production Line 1 | C4: E-CAPEX approval workflow | D4: Completed | E4: Finance / Management | F4: E-CAPEX officially authorized and approved.
A5: 2 | B5: Spunlace Production Line 1 | C5: Letter of Credit (LC) opening & transmission | D5: Completed | E5: Commercial / Banking | F5: LC established and in transit with foreign machinery manufacturers.
A6: 3 | B6: Spunlace Production Line 1 | C6: Machine code & ERP asset registration | D6: Completed | E6: IT / Finance / Maintenance | F6: New machine codes opened and configured in management system.
A7: 4 | B7: Spunlace Production Line 1 | C7: Purchase Order (PO) issuance | D7: Pending | E7: Procurement | F7: Draft PO under commercial terms review;
A8: 5 | B8: Technical Due Diligence | C8: Trützschler engineering checklist submission | D8: In Progress | E8: Engineering / Maintenance | F8: Checklist to be formally finalized to Trützschler following final inputs from FND.
A9: 6 | B9: Consultancy & Design | C9: Coordination meeting with FND consultants | D9: Scheduled | E9: Project Management | F9: Technical alignment session scheduled for tomorrow to finalize civil & electrical scopes.
A10: 7 | B10: Civil / Site Preparation | C10: Inly Yard Job Request Form (JRF) submission | D10: Pending | E10: Civil / Maintenance | F10: Civil Job Request Form (JRF) being finalized for ground preparation.
A11: 8 | B11: Civil / Site Preparation | C11: Raw Material Warehouse JRF execution | D11: In Progress | E11: Civil Engineering | F11: JRF active and in progress (floor elevation +2'-0" and roof waterproofing works).
A12: 9 | B12: Spunlace Production Line 2 | C12: Project feasibility and Capex justification | D12: Under Review | E12: Top Management | F12: Long-term capacity expansion proposal under strategic discussion with Top Management.
